seq,date,year,status,signature,has_rodo_violation,file
1,2019-06-14,2019,PRAWOMOCNA,ZSOŚS.440.100.2018,0,by-year/2019/2019-06-14__PRAWOMOCNA__ZSOSS.440.100.2018.txt
2,2019-09-13,2019,PRAWOMOCNA,ZSOŚS.440.102.2018,0,by-year/2019/2019-09-13__PRAWOMOCNA__ZSOSS.440.102.2018.txt
3,2019-05-30,2019,PRAWOMOCNA,ZSOŚS.440.104.2018,0,by-year/2019/2019-05-30__PRAWOMOCNA__ZSOSS.440.104.2018.txt
4,2019-01-04,2019,PRAWOMOCNA,ZSOŚS.440.106.2018,0,by-year/2019/2019-01-04__PRAWOMOCNA__ZSOSS.440.106.2018.txt
5,2019-01-04,2019,PRAWOMOCNA,ZSOŚS.440.107.2018.II,0,by-year/2019/2019-01-04__PRAWOMOCNA__ZSOSS.440.107.2018.II.txt
6,2019-01-31,2019,PRAWOMOCNA,ZSOŚS.440.109.2018,0,by-year/2019/2019-01-31__PRAWOMOCNA__ZSOSS.440.109.2018.txt
7,2019-05-15,2019,PRAWOMOCNA,ZSOŚS.440.11.2018,0,by-year/2019/2019-05-15__PRAWOMOCNA__ZSOSS.440.11.2018.txt
8,2019-05-23,2019,PRAWOMOCNA,ZSOŚS.440.112.2018,0,by-year/2019/2019-05-23__PRAWOMOCNA__ZSOSS.440.112.2018.txt
9,2018-10-18,2018,PRAWOMOCNA,ZSOŚS.440.113.2018,0,by-year/2018/2018-10-18__PRAWOMOCNA__ZSOSS.440.113.2018.txt
10,2019-05-29,2019,PRAWOMOCNA,ZSOŚS.440.114.2018,0,by-year/2019/2019-05-29__PRAWOMOCNA__ZSOSS.440.114.2018.txt
11,2018-11-22,2018,PRAWOMOCNA,ZSOŚS.440.115.2018,0,by-year/2018/2018-11-22__PRAWOMOCNA__ZSOSS.440.115.2018.txt
12,2019-01-14,2019,PRAWOMOCNA,ZSOŚS.440.120.2018,0,by-year/2019/2019-01-14__PRAWOMOCNA__ZSOSS.440.120.2018.txt
13,2018-11-21,2018,PRAWOMOCNA,ZSOŚS.440.121.2018,0,by-year/2018/2018-11-21__PRAWOMOCNA__ZSOSS.440.121.2018.txt
14,2018-12-18,2018,PRAWOMOCNA,ZSOŚS.440.124.2018,0,by-year/2018/2018-12-18__PRAWOMOCNA__ZSOSS.440.124.2018.txt
15,2019-04-03,2019,PRAWOMOCNA,ZSOŚS.440.125.2018,0,by-year/2019/2019-04-03__PRAWOMOCNA__ZSOSS.440.125.2018.txt
16,2018-12-13,2018,PRAWOMOCNA,ZSOŚS.440.126.2018,0,by-year/2018/2018-12-13__PRAWOMOCNA__ZSOSS.440.126.2018.txt
17,2019-04-23,2019,PRAWOMOCNA,ZSOŚS.440.129.2018,0,by-year/2019/2019-04-23__PRAWOMOCNA__ZSOSS.440.129.2018.txt
18,2018-07-13,2018,NIEPRAWOMOCNA,ZSOŚS.440.13.2018,0,by-year/2018/2018-07-13__NIEPRAWOMOCNA__ZSOSS.440.13.2018.txt
19,2019-09-03,2019,PRAWOMOCNA,ZSOŚS.440.131.2018,0,by-year/2019/2019-09-03__PRAWOMOCNA__ZSOSS.440.131.2018.txt
20,2019-02-01,2019,PRAWOMOCNA,ZSOŚS.440.133.2018,0,by-year/2019/2019-02-01__PRAWOMOCNA__ZSOSS.440.133.2018.txt
21,2018-11-26,2018,PRAWOMOCNA,ZSOŚS.440.135.2018,0,by-year/2018/2018-11-26__PRAWOMOCNA__ZSOSS.440.135.2018.txt
22,2019-07-02,2019,PRAWOMOCNA,ZSOŚS.440.136.2018,0,by-year/2019/2019-07-02__PRAWOMOCNA__ZSOSS.440.136.2018.txt
23,2019-09-03,2019,PRAWOMOCNA,ZSOŚS.440.137.2018,0,by-year/2019/2019-09-03__PRAWOMOCNA__ZSOSS.440.137.2018.txt
24,2019-01-30,2019,PRAWOMOCNA,ZSOŚS.440.138.2018,0,by-year/2019/2019-01-30__PRAWOMOCNA__ZSOSS.440.138.2018.txt
25,2018-11-22,2018,PRAWOMOCNA,ZSOŚS.440.140.2018,0,by-year/2018/2018-11-22__PRAWOMOCNA__ZSOSS.440.140.2018.txt
26,2019-01-21,2019,PRAWOMOCNA,ZSOŚS.440.144.2018,0,by-year/2019/2019-01-21__PRAWOMOCNA__ZSOSS.440.144.2018.txt
27,2019-08-09,2019,PRAWOMOCNA,ZSOŚS.440.146.2018,0,by-year/2019/2019-08-09__PRAWOMOCNA__ZSOSS.440.146.2018.txt
28,2019-03-06,2019,PRAWOMOCNA,ZSOŚS.440.147.2018,0,by-year/2019/2019-03-06__PRAWOMOCNA__ZSOSS.440.147.2018.txt
29,2018-12-20,2018,PRAWOMOCNA,ZSOŚS.440.148.2018,0,by-year/2018/2018-12-20__PRAWOMOCNA__ZSOSS.440.148.2018.txt
30,2019-09-27,2019,PRAWOMOCNA,ZSOŚS.440.149.2018,0,by-year/2019/2019-09-27__PRAWOMOCNA__ZSOSS.440.149.2018.txt
31,2019-05-20,2019,PRAWOMOCNA,ZSOŚS.440.153.2018,0,by-year/2019/2019-05-20__PRAWOMOCNA__ZSOSS.440.153.2018.txt
32,2019-05-28,2019,PRAWOMOCNA,ZSOŚS.440.154.2018,0,by-year/2019/2019-05-28__PRAWOMOCNA__ZSOSS.440.154.2018.txt
33,2019-02-15,2019,PRAWOMOCNA,ZSOŚS.440.155.2018,0,by-year/2019/2019-02-15__PRAWOMOCNA__ZSOSS.440.155.2018.txt
34,2019-04-05,2019,PRAWOMOCNA,ZSOŚS.440.156.2018,0,by-year/2019/2019-04-05__PRAWOMOCNA__ZSOSS.440.156.2018.txt
35,2019-08-09,2019,PRAWOMOCNA,ZSOŚS.440.157.2018,0,by-year/2019/2019-08-09__PRAWOMOCNA__ZSOSS.440.157.2018.txt
36,2019-06-25,2019,PRAWOMOCNA,ZSOŚS.440.159.2018,0,by-year/2019/2019-06-25__PRAWOMOCNA__ZSOSS.440.159.2018.txt
37,2018-09-28,2018,PRAWOMOCNA,ZSOŚS.440.17.2018,0,by-year/2018/2018-09-28__PRAWOMOCNA__ZSOSS.440.17.2018.txt
38,2019-04-17,2019,PRAWOMOCNA,ZSOŚS.440.19.2018,0,by-year/2019/2019-04-17__PRAWOMOCNA__ZSOSS.440.19.2018.txt
39,2019-01-07,2019,PRAWOMOCNA,ZSOŚS.440.22.2018,0,by-year/2019/2019-01-07__PRAWOMOCNA__ZSOSS.440.22.2018.txt
40,2018-12-17,2018,PRAWOMOCNA,ZSOŚS.440.23.2018,0,by-year/2018/2018-12-17__PRAWOMOCNA__ZSOSS.440.23.2018.txt
41,2019-06-14,2019,PRAWOMOCNA,ZSOŚS.440.24.2018,0,by-year/2019/2019-06-14__PRAWOMOCNA__ZSOSS.440.24.2018.txt
42,2018-09-04,2018,PRAWOMOCNA,ZSOŚS.440.26.2018.I,0,by-year/2018/2018-09-04__PRAWOMOCNA__ZSOSS.440.26.2018.I.txt
43,2019-01-04,2019,PRAWOMOCNA,ZSOŚS.440.26.2018.II,0,by-year/2019/2019-01-04__PRAWOMOCNA__ZSOSS.440.26.2018.II.txt
44,2019-04-01,2019,PRAWOMOCNA,ZSOŚS.440.28.2018,0,by-year/2019/2019-04-01__PRAWOMOCNA__ZSOSS.440.28.2018.txt
45,2019-05-31,2019,PRAWOMOCNA,ZSOŚS.440.29.2018,0,by-year/2019/2019-05-31__PRAWOMOCNA__ZSOSS.440.29.2018.txt
46,2019-08-29,2019,PRAWOMOCNA,ZSOŚS.440.30.2018,0,by-year/2019/2019-08-29__PRAWOMOCNA__ZSOSS.440.30.2018.txt
47,2019-09-06,2019,PRAWOMOCNA,ZSOŚS.440.37.2018,0,by-year/2019/2019-09-06__PRAWOMOCNA__ZSOSS.440.37.2018.txt
48,2019-07-24,2019,PRAWOMOCNA,ZSOŚS.440.39.2018.I,0,by-year/2019/2019-07-24__PRAWOMOCNA__ZSOSS.440.39.2018.I.txt
49,2019-07-24,2019,PRAWOMOCNA,ZSOŚS.440.39.2018.II,0,by-year/2019/2019-07-24__PRAWOMOCNA__ZSOSS.440.39.2018.II.txt
50,2018-11-15,2018,PRAWOMOCNA,ZSOŚS.440.40.2018,0,by-year/2018/2018-11-15__PRAWOMOCNA__ZSOSS.440.40.2018.txt
51,2019-01-30,2019,PRAWOMOCNA,ZSOŚS.440.42.2018,0,by-year/2019/2019-01-30__PRAWOMOCNA__ZSOSS.440.42.2018.txt
52,2019-01-14,2019,PRAWOMOCNA,ZSOŚS.440.43.2018,0,by-year/2019/2019-01-14__PRAWOMOCNA__ZSOSS.440.43.2018.txt
53,2018-09-14,2018,PRAWOMOCNA,ZSOŚS.440.45.2018,0,by-year/2018/2018-09-14__PRAWOMOCNA__ZSOSS.440.45.2018.txt
54,2019-05-28,2019,PRAWOMOCNA,ZSOŚS.440.49.2018,0,by-year/2019/2019-05-28__PRAWOMOCNA__ZSOSS.440.49.2018.txt
55,2019-07-24,2019,PRAWOMOCNA,ZSOŚS.440.49.2018.II,0,by-year/2019/2019-07-24__PRAWOMOCNA__ZSOSS.440.49.2018.II.txt
56,2018-11-15,2018,PRAWOMOCNA,ZSOŚS.440.5.2018,0,by-year/2018/2018-11-15__PRAWOMOCNA__ZSOSS.440.5.2018.txt
57,2018-12-17,2018,PRAWOMOCNA,ZSOŚS.440.51.2018,0,by-year/2018/2018-12-17__PRAWOMOCNA__ZSOSS.440.51.2018.txt
58,2019-03-11,2019,PRAWOMOCNA,ZSOŚS.440.52.2018,0,by-year/2019/2019-03-11__PRAWOMOCNA__ZSOSS.440.52.2018.txt
59,2018-11-22,2018,PRAWOMOCNA,ZSOŚS.440.53.2018,0,by-year/2018/2018-11-22__PRAWOMOCNA__ZSOSS.440.53.2018.txt
60,2018-09-18,2018,PRAWOMOCNA,ZSOŚS.440.54.2018,0,by-year/2018/2018-09-18__PRAWOMOCNA__ZSOSS.440.54.2018.txt
61,2018-10-18,2018,PRAWOMOCNA,ZSOŚS.440.57.2018,0,by-year/2018/2018-10-18__PRAWOMOCNA__ZSOSS.440.57.2018.txt
62,2018-11-15,2018,PRAWOMOCNA,ZSOŚS.440.58.2018,0,by-year/2018/2018-11-15__PRAWOMOCNA__ZSOSS.440.58.2018.txt
63,2018-10-11,2018,PRAWOMOCNA,ZSOŚS.440.60.2018,0,by-year/2018/2018-10-11__PRAWOMOCNA__ZSOSS.440.60.2018.txt
64,2019-03-19,2019,PRAWOMOCNA,ZSOŚS.440.61.2018,0,by-year/2019/2019-03-19__PRAWOMOCNA__ZSOSS.440.61.2018.txt
65,2018-10-26,2018,PRAWOMOCNA,ZSOŚS.440.62.2018,0,by-year/2018/2018-10-26__PRAWOMOCNA__ZSOSS.440.62.2018.txt
66,2019-02-15,2019,PRAWOMOCNA,ZSOŚS.440.68.2018,0,by-year/2019/2019-02-15__PRAWOMOCNA__ZSOSS.440.68.2018.txt
67,2018-12-18,2018,PRAWOMOCNA,ZSOŚS.440.69.2018,0,by-year/2018/2018-12-18__PRAWOMOCNA__ZSOSS.440.69.2018.txt
68,2019-05-16,2019,PRAWOMOCNA,ZSOŚS.440.72.2018,0,by-year/2019/2019-05-16__PRAWOMOCNA__ZSOSS.440.72.2018.txt
69,2019-05-21,2019,PRAWOMOCNA,ZSOŚS.440.73.2018,0,by-year/2019/2019-05-21__PRAWOMOCNA__ZSOSS.440.73.2018.txt
70,2018-11-21,2018,PRAWOMOCNA,ZSOŚS.440.75.2018,0,by-year/2018/2018-11-21__PRAWOMOCNA__ZSOSS.440.75.2018.txt
71,2018-10-23,2018,PRAWOMOCNA,ZSOŚS.440.76.2018,0,by-year/2018/2018-10-23__PRAWOMOCNA__ZSOSS.440.76.2018.txt
72,2018-09-25,2018,PRAWOMOCNA,ZSOŚS.440.77.2018.II,0,by-year/2018/2018-09-25__PRAWOMOCNA__ZSOSS.440.77.2018.II.txt
73,2019-03-05,2019,NIEPRAWOMOCNA,ZSOŚS.440.8.2018,0,by-year/2019/2019-03-05__NIEPRAWOMOCNA__ZSOSS.440.8.2018.txt
74,2018-09-24,2018,PRAWOMOCNA,ZSOŚS.440.80.2018,0,by-year/2018/2018-09-24__PRAWOMOCNA__ZSOSS.440.80.2018.txt
75,2019-06-18,2019,PRAWOMOCNA,ZSOŚS.440.81.2018,0,by-year/2019/2019-06-18__PRAWOMOCNA__ZSOSS.440.81.2018.txt
76,2019-03-14,2019,PRAWOMOCNA,ZSOŚS.440.84.2018,0,by-year/2019/2019-03-14__PRAWOMOCNA__ZSOSS.440.84.2018.txt
77,2019-07-08,2019,PRAWOMOCNA,ZSOŚS.440.88.2018,0,by-year/2019/2019-07-08__PRAWOMOCNA__ZSOSS.440.88.2018.txt
78,2018-08-24,2018,PRAWOMOCNA,ZSOŚS.440.9.2018,0,by-year/2018/2018-08-24__PRAWOMOCNA__ZSOSS.440.9.2018.txt
79,2019-02-12,2019,PRAWOMOCNA,ZSOŚS.440.90.2018,0,by-year/2019/2019-02-12__PRAWOMOCNA__ZSOSS.440.90.2018.txt
80,2018-12-11,2018,PRAWOMOCNA,ZSOŚS.440.92.2018,0,by-year/2018/2018-12-11__PRAWOMOCNA__ZSOSS.440.92.2018.txt
81,2019-02-20,2019,PRAWOMOCNA,ZSOŚS.440.93.2018,0,by-year/2019/2019-02-20__PRAWOMOCNA__ZSOSS.440.93.2018.txt
82,2019-02-21,2019,PRAWOMOCNA,ZSOŚS.440.94.2018,0,by-year/2019/2019-02-21__PRAWOMOCNA__ZSOSS.440.94.2018.txt
83,2019-02-05,2019,PRAWOMOCNA,ZSOŚS.440.95.2018,0,by-year/2019/2019-02-05__PRAWOMOCNA__ZSOSS.440.95.2018.txt
84,2019-03-21,2019,PRAWOMOCNA,ZSOŚS.440.96.2018,0,by-year/2019/2019-03-21__PRAWOMOCNA__ZSOSS.440.96.2018.txt
85,2019-03-15,2019,PRAWOMOCNA,ZSPR.421.3.2018,1,by-year/2019/2019-03-15__PRAWOMOCNA__ZSPR.421.3.2018.txt
86,2019-06-26,2019,PRAWOMOCNA,ZSPR.440.1026.2018,0,by-year/2019/2019-06-26__PRAWOMOCNA__ZSPR.440.1026.2018.txt
87,2019-03-11,2019,PRAWOMOCNA,ZSPR.440.1052.2018,0,by-year/2019/2019-03-11__PRAWOMOCNA__ZSPR.440.1052.2018.txt
88,2019-07-24,2019,PRAWOMOCNA,ZSPR.440.1552.2018,0,by-year/2019/2019-07-24__PRAWOMOCNA__ZSPR.440.1552.2018.txt
89,2018-12-12,2018,PRAWOMOCNA,ZSPR.440.195.2018,0,by-year/2018/2018-12-12__PRAWOMOCNA__ZSPR.440.195.2018.txt
90,2022-02-22,2022,PRAWOMOCNA,ZSPR.440.280.2018,1,by-year/2022/2022-02-22__PRAWOMOCNA__ZSPR.440.280.2018.txt
91,2019-05-07,2019,PRAWOMOCNA,ZSPR.440.301.2018,0,by-year/2019/2019-05-07__PRAWOMOCNA__ZSPR.440.301.2018.txt
92,2018-12-20,2018,PRAWOMOCNA,ZSPR.440.370.2018,0,by-year/2018/2018-12-20__PRAWOMOCNA__ZSPR.440.370.2018.txt
93,2019-01-04,2019,PRAWOMOCNA,ZSPR.440.631.2018,0,by-year/2019/2019-01-04__PRAWOMOCNA__ZSPR.440.631.2018.txt
94,2018-12-10,2018,PRAWOMOCNA,ZSPR.440.783.2018,0,by-year/2018/2018-12-10__PRAWOMOCNA__ZSPR.440.783.2018.txt
95,2018-12-21,2018,PRAWOMOCNA,ZSPR.440.854.2018,0,by-year/2018/2018-12-21__PRAWOMOCNA__ZSPR.440.854.2018.txt
96,2018-12-14,2018,PRAWOMOCNA,ZSPR.440.913.2018,0,by-year/2018/2018-12-14__PRAWOMOCNA__ZSPR.440.913.2018.txt
97,2019-01-18,2019,PRAWOMOCNA,ZSPR.440.998.2018,0,by-year/2019/2019-01-18__PRAWOMOCNA__ZSPR.440.998.2018.txt
98,2019-01-25,2019,PRAWOMOCNA,ZSPU.421.1.2018,0,by-year/2019/2019-01-25__PRAWOMOCNA__ZSPU.421.1.2018.txt
99,2019-04-06,2019,PRAWOMOCNA,ZSPU.421.2.2018,0,by-year/2019/2019-04-06__PRAWOMOCNA__ZSPU.421.2.2018.txt
100,2019-04-03,2019,NIEPRAWOMOCNA,ZSPU.421.8.2018,0,by-year/2019/2019-04-03__NIEPRAWOMOCNA__ZSPU.421.8.2018.txt
101,2019-04-17,2019,PRAWOMOCNA,ZSPU.440.121.2018,0,by-year/2019/2019-04-17__PRAWOMOCNA__ZSPU.440.121.2018.txt
102,2019-06-18,2019,PRAWOMOCNA,ZSPU.440.339.2018,0,by-year/2019/2019-06-18__PRAWOMOCNA__ZSPU.440.339.2018.txt
103,2018-10-22,2018,PRAWOMOCNA,ZSPU.440.379.2018,0,by-year/2018/2018-10-22__PRAWOMOCNA__ZSPU.440.379.2018.txt
104,2019-05-15,2019,PRAWOMOCNA,ZSPU.440.423.2018,0,by-year/2019/2019-05-15__PRAWOMOCNA__ZSPU.440.423.2018.txt
105,2019-04-18,2019,PRAWOMOCNA,ZSPU.440.435.2018,0,by-year/2019/2019-04-18__PRAWOMOCNA__ZSPU.440.435.2018.txt
106,2019-04-25,2019,PRAWOMOCNA,ZSPU.440.469.2018,0,by-year/2019/2019-04-25__PRAWOMOCNA__ZSPU.440.469.2018.txt
107,2019-04-10,2019,NIEPRAWOMOCNA,ZSPU.440.489.2018,0,by-year/2019/2019-04-10__NIEPRAWOMOCNA__ZSPU.440.489.2018.txt
108,2019-04-12,2019,NIEPRAWOMOCNA,ZSPU.440.512.2018,0,by-year/2019/2019-04-12__NIEPRAWOMOCNA__ZSPU.440.512.2018.txt
109,2019-01-30,2019,NIEPRAWOMOCNA,ZSPU.440.574.2018,0,by-year/2019/2019-01-30__NIEPRAWOMOCNA__ZSPU.440.574.2018.txt
110,2019-04-16,2019,PRAWOMOCNA,ZSPU.440.636.2018,0,by-year/2019/2019-04-16__PRAWOMOCNA__ZSPU.440.636.2018.txt
111,2019-05-17,2019,NIEPRAWOMOCNA,ZSPU.440.705.2018,0,by-year/2019/2019-05-17__NIEPRAWOMOCNA__ZSPU.440.705.2018.txt
112,2019-04-18,2019,PRAWOMOCNA,ZSPU.440.799.2018,0,by-year/2019/2019-04-18__PRAWOMOCNA__ZSPU.440.799.2018.txt
113,2019-04-18,2019,PRAWOMOCNA,ZSPU.440.803.2018,0,by-year/2019/2019-04-18__PRAWOMOCNA__ZSPU.440.803.2018.txt
114,2019-04-11,2019,NIEPRAWOMOCNA,ZSPU.440.840.2018,0,by-year/2019/2019-04-11__NIEPRAWOMOCNA__ZSPU.440.840.2018.txt
115,2019-04-18,2019,NIEPRAWOMOCNA,ZSPU.440.99.2018,0,by-year/2019/2019-04-18__NIEPRAWOMOCNA__ZSPU.440.99.2018.txt
116,2019-01-24,2019,PRAWOMOCNA,ZSZZS.440.104.2018,0,by-year/2019/2019-01-24__PRAWOMOCNA__ZSZZS.440.104.2018.txt
117,2019-03-13,2019,PRAWOMOCNA,ZSZZS.440.257.2018,0,by-year/2019/2019-03-13__PRAWOMOCNA__ZSZZS.440.257.2018.txt
118,2019-01-30,2019,PRAWOMOCNA,ZSZZS.440.310.2018,0,by-year/2019/2019-01-30__PRAWOMOCNA__ZSZZS.440.310.2018.txt
119,2019-01-30,2019,PRAWOMOCNA,ZSZZS.440.370.2018,0,by-year/2019/2019-01-30__PRAWOMOCNA__ZSZZS.440.370.2018.txt
120,2019-06-11,2019,PRAWOMOCNA,ZSZZS.440.592.2018,0,by-year/2019/2019-06-11__PRAWOMOCNA__ZSZZS.440.592.2018.txt
121,2019-03-27,2019,PRAWOMOCNA,ZSZZS.440.60.2018,0,by-year/2019/2019-03-27__PRAWOMOCNA__ZSZZS.440.60.2018.txt
122,2019-03-14,2019,PRAWOMOCNA,ZSZZS.440.632.2018,0,by-year/2019/2019-03-14__PRAWOMOCNA__ZSZZS.440.632.2018.txt
123,2019-02-19,2019,PRAWOMOCNA,ZSZZS.440.658.2018,0,by-year/2019/2019-02-19__PRAWOMOCNA__ZSZZS.440.658.2018.txt
124,2019-04-12,2019,PRAWOMOCNA,ZSZZS.440.659.2018,0,by-year/2019/2019-04-12__PRAWOMOCNA__ZSZZS.440.659.2018.txt
125,2019-03-22,2019,PRAWOMOCNA,ZSZZS.440.660.2018,0,by-year/2019/2019-03-22__PRAWOMOCNA__ZSZZS.440.660.2018.txt
126,2019-04-12,2019,PRAWOMOCNA,ZSZZS.440.672.2018,0,by-year/2019/2019-04-12__PRAWOMOCNA__ZSZZS.440.672.2018.txt
127,2018-12-27,2018,PRAWOMOCNA,ZSZZS.440.684.2018,0,by-year/2018/2018-12-27__PRAWOMOCNA__ZSZZS.440.684.2018.txt
128,2018-10-29,2018,PRAWOMOCNA,ZSZZS.440.717.2018,0,by-year/2018/2018-10-29__PRAWOMOCNA__ZSZZS.440.717.2018.txt
129,2019-03-20,2019,PRAWOMOCNA,ZSZZS.440.727.2018,0,by-year/2019/2019-03-20__PRAWOMOCNA__ZSZZS.440.727.2018.txt
130,2018-11-23,2018,PRAWOMOCNA,ZSZZS.440.736.2018,0,by-year/2018/2018-11-23__PRAWOMOCNA__ZSZZS.440.736.2018.txt
131,2019-02-06,2019,PRAWOMOCNA,ZSZZS.440.748.2018,0,by-year/2019/2019-02-06__PRAWOMOCNA__ZSZZS.440.748.2018.txt
132,2018-12-07,2018,PRAWOMOCNA,ZSZZS.440.780.2018,0,by-year/2018/2018-12-07__PRAWOMOCNA__ZSZZS.440.780.2018.txt
133,2019-08-30,2019,PRAWOMOCNA,ZSZZS.440.786.2018,0,by-year/2019/2019-08-30__PRAWOMOCNA__ZSZZS.440.786.2018.txt
134,2019-07-11,2019,PRAWOMOCNA,ZSZZS.440.790.2018,1,by-year/2019/2019-07-11__PRAWOMOCNA__ZSZZS.440.790.2018.txt
135,2019-06-27,2019,PRAWOMOCNA,ZSZZS.440.793.2018,0,by-year/2019/2019-06-27__PRAWOMOCNA__ZSZZS.440.793.2018.txt
136,2019-06-27,2019,PRAWOMOCNA,ZSZZS.440.794.2018,0,by-year/2019/2019-06-27__PRAWOMOCNA__ZSZZS.440.794.2018.txt
137,2019-09-19,2019,PRAWOMOCNA,ZSZZS.440.801.2018,0,by-year/2019/2019-09-19__PRAWOMOCNA__ZSZZS.440.801.2018.txt
138,2019-03-18,2019,PRAWOMOCNA,ZSZZS.440.842.2018,0,by-year/2019/2019-03-18__PRAWOMOCNA__ZSZZS.440.842.2018.txt
139,2018-11-20,2018,NIEPRAWOMOCNA,ZWAD.405.10.2018,1,by-year/2018/2018-11-20__NIEPRAWOMOCNA__ZWAD.405.10.2018.txt
140,2018-11-20,2018,PRAWOMOCNA,ZWAD.405.11.2018,1,by-year/2018/2018-11-20__PRAWOMOCNA__ZWAD.405.11.2018.txt
141,2019-03-28,2019,NIEPRAWOMOCNA,ZWAD.405.1274.2018,1,by-year/2019/2019-03-28__NIEPRAWOMOCNA__ZWAD.405.1274.2018.txt
142,2019-03-27,2019,NIEPRAWOMOCNA,ZWAD.405.1383.2018,1,by-year/2019/2019-03-27__NIEPRAWOMOCNA__ZWAD.405.1383.2018.txt
143,2018-12-21,2018,NIEPRAWOMOCNA,ZWAD.405.153.2018,1,by-year/2018/2018-12-21__NIEPRAWOMOCNA__ZWAD.405.153.2018.txt
144,2018-12-21,2018,NIEPRAWOMOCNA,ZWAD.405.154.2018,1,by-year/2018/2018-12-21__NIEPRAWOMOCNA__ZWAD.405.154.2018.txt
145,2019-01-23,2019,NIEPRAWOMOCNA,ZWAD.405.158.2018,1,by-year/2019/2019-01-23__NIEPRAWOMOCNA__ZWAD.405.158.2018.txt
146,2019-04-10,2019,PRAWOMOCNA,ZWAD.405.1981.2018,1,by-year/2019/2019-04-10__PRAWOMOCNA__ZWAD.405.1981.2018.txt
147,2018-11-20,2018,NIEPRAWOMOCNA,ZWAD.405.22.2018,1,by-year/2018/2018-11-20__NIEPRAWOMOCNA__ZWAD.405.22.2018.txt
148,2018-11-20,2018,NIEPRAWOMOCNA,ZWAD.405.23.2018,1,by-year/2018/2018-11-20__NIEPRAWOMOCNA__ZWAD.405.23.2018.txt
149,2018-11-20,2018,NIEPRAWOMOCNA,ZWAD.405.25.2018,1,by-year/2018/2018-11-20__NIEPRAWOMOCNA__ZWAD.405.25.2018.txt
150,2018-11-20,2018,NIEPRAWOMOCNA,ZWAD.405.26.2018,1,by-year/2018/2018-11-20__NIEPRAWOMOCNA__ZWAD.405.26.2018.txt
151,2018-11-20,2018,NIEPRAWOMOCNA,ZWAD.405.27.2018,1,by-year/2018/2018-11-20__NIEPRAWOMOCNA__ZWAD.405.27.2018.txt
152,2018-11-20,2018,NIEPRAWOMOCNA,ZWAD.405.28.2018,1,by-year/2018/2018-11-20__NIEPRAWOMOCNA__ZWAD.405.28.2018.txt
153,2018-11-20,2018,NIEPRAWOMOCNA,ZWAD.405.29.2018,1,by-year/2018/2018-11-20__NIEPRAWOMOCNA__ZWAD.405.29.2018.txt
154,2019-03-11,2019,NIEPRAWOMOCNA,ZWAD.405.85.2018,1,by-year/2019/2019-03-11__NIEPRAWOMOCNA__ZWAD.405.85.2018.txt
155,2018-12-20,2018,NIEPRAWOMOCNA,ZWAD.405.88.2018,1,by-year/2018/2018-12-20__NIEPRAWOMOCNA__ZWAD.405.88.2018.txt
156,2018-11-20,2018,NIEPRAWOMOCNA,ZWAD.405.9.2018,1,by-year/2018/2018-11-20__NIEPRAWOMOCNA__ZWAD.405.9.2018.txt
157,2019-12-23,2019,PRAWOMOCNA,DKE.440.72.2019,0,by-year/2019/2019-12-23__PRAWOMOCNA__DKE.440.72.2019.txt
158,2021-05-21,2021,PRAWOMOCNA,DKE.523.27.2019,0,by-year/2021/2021-05-21__PRAWOMOCNA__DKE.523.27.2019.txt
159,2020-05-05,2020,PRAWOMOCNA,ZKE.440.10.2019,0,by-year/2020/2020-05-05__PRAWOMOCNA__ZKE.440.10.2019.txt
160,2020-05-13,2020,PRAWOMOCNA,ZKE.440.11.2019,0,by-year/2020/2020-05-13__PRAWOMOCNA__ZKE.440.11.2019.txt
161,2020-04-30,2020,PRAWOMOCNA,ZKE.440.13.2019,0,by-year/2020/2020-04-30__PRAWOMOCNA__ZKE.440.13.2019.txt
162,2019-11-29,2019,PRAWOMOCNA,ZKE.440.14.2019,0,by-year/2019/2019-11-29__PRAWOMOCNA__ZKE.440.14.2019.txt
163,2019-12-30,2019,PRAWOMOCNA,ZKE.440.15.2019,0,by-year/2019/2019-12-30__PRAWOMOCNA__ZKE.440.15.2019.txt
164,2019-12-23,2019,PRAWOMOCNA,ZKE.440.17.2019,0,by-year/2019/2019-12-23__PRAWOMOCNA__ZKE.440.17.2019.txt
165,2021-01-04,2021,PRAWOMOCNA,ZKE.440.18.2019,0,by-year/2021/2021-01-04__PRAWOMOCNA__ZKE.440.18.2019.txt
166,2020-05-08,2020,PRAWOMOCNA,ZKE.440.19.2019,0,by-year/2020/2020-05-08__PRAWOMOCNA__ZKE.440.19.2019.txt
167,2019-11-25,2019,PRAWOMOCNA,ZKE.440.20.2019,0,by-year/2019/2019-11-25__PRAWOMOCNA__ZKE.440.20.2019.txt
168,2019-10-03,2019,PRAWOMOCNA,ZKE.440.21.2019,0,by-year/2019/2019-10-03__PRAWOMOCNA__ZKE.440.21.2019.txt
169,2020-04-23,2020,PRAWOMOCNA,ZKE.440.22.2019,0,by-year/2020/2020-04-23__PRAWOMOCNA__ZKE.440.22.2019.txt
170,2020-01-23,2020,PRAWOMOCNA,ZKE.440.23.2019,0,by-year/2020/2020-01-23__PRAWOMOCNA__ZKE.440.23.2019.txt
171,2020-01-30,2020,PRAWOMOCNA,ZKE.440.24.2019,0,by-year/2020/2020-01-30__PRAWOMOCNA__ZKE.440.24.2019.txt
172,2020-09-23,2020,PRAWOMOCNA,ZKE.440.25.2019,0,by-year/2020/2020-09-23__PRAWOMOCNA__ZKE.440.25.2019.txt
173,2019-12-30,2019,PRAWOMOCNA,ZKE.440.26.2019,0,by-year/2019/2019-12-30__PRAWOMOCNA__ZKE.440.26.2019.txt
174,2019-09-09,2019,PRAWOMOCNA,ZKE.440.27.2019,0,by-year/2019/2019-09-09__PRAWOMOCNA__ZKE.440.27.2019.txt
175,2019-09-27,2019,PRAWOMOCNA,ZKE.440.28.2019,0,by-year/2019/2019-09-27__PRAWOMOCNA__ZKE.440.28.2019.txt
176,2019-11-29,2019,PRAWOMOCNA,ZKE.440.29.2019,0,by-year/2019/2019-11-29__PRAWOMOCNA__ZKE.440.29.2019.txt
177,2020-05-08,2020,PRAWOMOCNA,ZKE.440.30.2019,0,by-year/2020/2020-05-08__PRAWOMOCNA__ZKE.440.30.2019.txt
178,2020-05-08,2020,PRAWOMOCNA,ZKE.440.31.2019,0,by-year/2020/2020-05-08__PRAWOMOCNA__ZKE.440.31.2019.txt
179,2020-09-30,2020,PRAWOMOCNA,ZKE.440.32.2019,0,by-year/2020/2020-09-30__PRAWOMOCNA__ZKE.440.32.2019.txt
180,2019-11-27,2019,PRAWOMOCNA,ZKE.440.33.2019,0,by-year/2019/2019-11-27__PRAWOMOCNA__ZKE.440.33.2019.txt
181,2019-12-23,2019,PRAWOMOCNA,ZKE.440.34.2019,0,by-year/2019/2019-12-23__PRAWOMOCNA__ZKE.440.34.2019.txt
182,2020-06-17,2020,PRAWOMOCNA,ZKE.440.35.2019,0,by-year/2020/2020-06-17__PRAWOMOCNA__ZKE.440.35.2019.txt
183,2020-02-10,2020,PRAWOMOCNA,ZKE.440.36.2019,0,by-year/2020/2020-02-10__PRAWOMOCNA__ZKE.440.36.2019.txt
184,2019-12-23,2019,PRAWOMOCNA,ZKE.440.37.2019,0,by-year/2019/2019-12-23__PRAWOMOCNA__ZKE.440.37.2019.txt
185,2020-06-05,2020,PRAWOMOCNA,ZKE.440.38.2019,0,by-year/2020/2020-06-05__PRAWOMOCNA__ZKE.440.38.2019.txt
186,2019-12-23,2019,PRAWOMOCNA,ZKE.440.4.2019,0,by-year/2019/2019-12-23__PRAWOMOCNA__ZKE.440.4.2019.txt
187,2019-12-23,2019,PRAWOMOCNA,ZKE.440.40.2019,0,by-year/2019/2019-12-23__PRAWOMOCNA__ZKE.440.40.2019.txt
188,2020-01-09,2020,PRAWOMOCNA,ZKE.440.41.2019,0,by-year/2020/2020-01-09__PRAWOMOCNA__ZKE.440.41.2019.txt
189,2020-08-07,2020,PRAWOMOCNA,ZKE.440.42.2019,0,by-year/2020/2020-08-07__PRAWOMOCNA__ZKE.440.42.2019.txt
190,2019-10-17,2019,PRAWOMOCNA,ZKE.440.43.2019,0,by-year/2019/2019-10-17__PRAWOMOCNA__ZKE.440.43.2019.txt
191,2019-11-06,2019,PRAWOMOCNA,ZKE.440.44.2019,0,by-year/2019/2019-11-06__PRAWOMOCNA__ZKE.440.44.2019.txt
192,2020-01-22,2020,PRAWOMOCNA,ZKE.440.45.2019,0,by-year/2020/2020-01-22__PRAWOMOCNA__ZKE.440.45.2019.txt
193,2019-12-23,2019,PRAWOMOCNA,ZKE.440.46.2019,0,by-year/2019/2019-12-23__PRAWOMOCNA__ZKE.440.46.2019.txt
194,2020-04-09,2020,PRAWOMOCNA,ZKE.440.47.2019,0,by-year/2020/2020-04-09__PRAWOMOCNA__ZKE.440.47.2019.txt
195,2019-10-17,2019,PRAWOMOCNA,ZKE.440.48.2019,0,by-year/2019/2019-10-17__PRAWOMOCNA__ZKE.440.48.2019.txt
196,2019-12-05,2019,PRAWOMOCNA,ZKE.440.49.2019,0,by-year/2019/2019-12-05__PRAWOMOCNA__ZKE.440.49.2019.txt
197,2020-04-30,2020,PRAWOMOCNA,ZKE.440.5.2019,0,by-year/2020/2020-04-30__PRAWOMOCNA__ZKE.440.5.2019.txt
198,2019-09-26,2019,PRAWOMOCNA,ZKE.440.51.2019,0,by-year/2019/2019-09-26__PRAWOMOCNA__ZKE.440.51.2019.txt
199,2020-06-05,2020,PRAWOMOCNA,ZKE.440.52.2019,0,by-year/2020/2020-06-05__PRAWOMOCNA__ZKE.440.52.2019.txt
200,2020-05-19,2020,PRAWOMOCNA,ZKE.440.53.2019,0,by-year/2020/2020-05-19__PRAWOMOCNA__ZKE.440.53.2019.txt
201,2019-11-20,2019,PRAWOMOCNA,ZKE.440.54.2019,0,by-year/2019/2019-11-20__PRAWOMOCNA__ZKE.440.54.2019.txt
202,2019-09-13,2019,PRAWOMOCNA,ZKE.440.55.2019,0,by-year/2019/2019-09-13__PRAWOMOCNA__ZKE.440.55.2019.txt
203,2019-12-23,2019,PRAWOMOCNA,ZKE.440.56.2019,0,by-year/2019/2019-12-23__PRAWOMOCNA__ZKE.440.56.2019.txt
204,2019-12-24,2019,PRAWOMOCNA,ZKE.440.57.2019,0,by-year/2019/2019-12-24__PRAWOMOCNA__ZKE.440.57.2019.txt
205,2020-07-03,2020,PRAWOMOCNA,ZKE.440.58.2019,0,by-year/2020/2020-07-03__PRAWOMOCNA__ZKE.440.58.2019.txt
206,2019-12-23,2019,PRAWOMOCNA,ZKE.440.59.2019,0,by-year/2019/2019-12-23__PRAWOMOCNA__ZKE.440.59.2019.txt
207,2020-05-27,2020,PRAWOMOCNA,ZKE.440.6.2019,0,by-year/2020/2020-05-27__PRAWOMOCNA__ZKE.440.6.2019.txt
208,2020-09-25,2020,PRAWOMOCNA,ZKE.440.61.2019,0,by-year/2020/2020-09-25__PRAWOMOCNA__ZKE.440.61.2019.txt
209,2020-04-30,2020,PRAWOMOCNA,ZKE.440.63.2019,0,by-year/2020/2020-04-30__PRAWOMOCNA__ZKE.440.63.2019.txt
210,2020-01-07,2020,PRAWOMOCNA,ZKE.440.64.2019,0,by-year/2020/2020-01-07__PRAWOMOCNA__ZKE.440.64.2019.txt
211,2020-04-23,2020,PRAWOMOCNA,ZKE.440.65.2019,0,by-year/2020/2020-04-23__PRAWOMOCNA__ZKE.440.65.2019.txt
212,2020-05-27,2020,PRAWOMOCNA,ZKE.440.66.2019,0,by-year/2020/2020-05-27__PRAWOMOCNA__ZKE.440.66.2019.txt
213,2020-02-20,2020,PRAWOMOCNA,ZKE.440.67.2019,0,by-year/2020/2020-02-20__PRAWOMOCNA__ZKE.440.67.2019.txt
214,2019-10-21,2019,PRAWOMOCNA,ZKE.440.68.2019,0,by-year/2019/2019-10-21__PRAWOMOCNA__ZKE.440.68.2019.txt
215,2019-11-29,2019,PRAWOMOCNA,ZKE.440.69.2019,0,by-year/2019/2019-11-29__PRAWOMOCNA__ZKE.440.69.2019.txt
216,2019-12-23,2019,PRAWOMOCNA,ZKE.440.7.2019,0,by-year/2019/2019-12-23__PRAWOMOCNA__ZKE.440.7.2019.txt
217,2019-12-23,2019,PRAWOMOCNA,ZKE.440.70.2019,0,by-year/2019/2019-12-23__PRAWOMOCNA__ZKE.440.70.2019.txt
218,2021-06-16,2021,PRAWOMOCNA,ZKE.440.71.2019,0,by-year/2021/2021-06-16__PRAWOMOCNA__ZKE.440.71.2019.txt
219,2019-12-23,2019,PRAWOMOCNA,ZKE.440.73.2019,0,by-year/2019/2019-12-23__PRAWOMOCNA__ZKE.440.73.2019.txt
220,2020-05-27,2020,PRAWOMOCNA,ZKE.440.74.2019,0,by-year/2020/2020-05-27__PRAWOMOCNA__ZKE.440.74.2019.txt
221,2019-12-23,2019,PRAWOMOCNA,ZKE.440.75.2019,0,by-year/2019/2019-12-23__PRAWOMOCNA__ZKE.440.75.2019.txt
222,2019-10-16,2019,PRAWOMOCNA,ZKE.440.76.2019,0,by-year/2019/2019-10-16__PRAWOMOCNA__ZKE.440.76.2019.txt
223,2020-04-23,2020,PRAWOMOCNA,ZKE.440.79.2019,0,by-year/2020/2020-04-23__PRAWOMOCNA__ZKE.440.79.2019.txt
224,2020-05-27,2020,PRAWOMOCNA,ZKE.440.8.2019,0,by-year/2020/2020-05-27__PRAWOMOCNA__ZKE.440.8.2019.txt
225,2020-06-08,2020,PRAWOMOCNA,ZKE.440.80.2019,0,by-year/2020/2020-06-08__PRAWOMOCNA__ZKE.440.80.2019.txt
226,2020-07-17,2020,PRAWOMOCNA,ZKE.440.81.2019,0,by-year/2020/2020-07-17__PRAWOMOCNA__ZKE.440.81.2019.txt
227,2020-07-23,2020,PRAWOMOCNA,ZKE.440.83.2019,0,by-year/2020/2020-07-23__PRAWOMOCNA__ZKE.440.83.2019.txt
228,2020-01-09,2020,PRAWOMOCNA,ZKE.440.84.2019,0,by-year/2020/2020-01-09__PRAWOMOCNA__ZKE.440.84.2019.txt
229,2019-12-23,2019,PRAWOMOCNA,ZKE.440.86.2019,0,by-year/2019/2019-12-23__PRAWOMOCNA__ZKE.440.86.2019.txt
230,2020-05-14,2020,PRAWOMOCNA,ZKE.440.87.2019,0,by-year/2020/2020-05-14__PRAWOMOCNA__ZKE.440.87.2019.txt
231,2019-12-23,2019,PRAWOMOCNA,ZKE.440.88.2019,0,by-year/2019/2019-12-23__PRAWOMOCNA__ZKE.440.88.2019.txt
232,2020-02-20,2020,PRAWOMOCNA,ZKE.440.89.2019,0,by-year/2020/2020-02-20__PRAWOMOCNA__ZKE.440.89.2019.txt
233,2019-12-23,2019,PRAWOMOCNA,ZKE.440.9.2019,0,by-year/2019/2019-12-23__PRAWOMOCNA__ZKE.440.9.2019.txt
234,2019-10-29,2019,PRAWOMOCNA,ZKE.440.93.2019,0,by-year/2019/2019-10-29__PRAWOMOCNA__ZKE.440.93.2019.txt
235,2019-12-30,2019,PRAWOMOCNA,ZKE.440.94.2019,0,by-year/2019/2019-12-30__PRAWOMOCNA__ZKE.440.94.2019.txt
236,2020-03-13,2020,PRAWOMOCNA,ZKE.440.95.2019,0,by-year/2020/2020-03-13__PRAWOMOCNA__ZKE.440.95.2019.txt
237,2020-08-21,2020,PRAWOMOCNA,ZSOŚS.421.25.2019,1,by-year/2020/2020-08-21__PRAWOMOCNA__ZSOSS.421.25.2019.txt
238,2019-09-25,2019,PRAWOMOCNA,ZSOŚS.440.102.2019,0,by-year/2019/2019-09-25__PRAWOMOCNA__ZSOSS.440.102.2019.txt
239,2019-06-18,2019,PRAWOMOCNA,ZSOŚS.440.11.2019,0,by-year/2019/2019-06-18__PRAWOMOCNA__ZSOSS.440.11.2019.txt
240,2019-04-25,2019,PRAWOMOCNA,ZSOŚS.440.13.2019,0,by-year/2019/2019-04-25__PRAWOMOCNA__ZSOSS.440.13.2019.txt
241,2019-09-10,2019,PRAWOMOCNA,ZSOŚS.440.140.2019,0,by-year/2019/2019-09-10__PRAWOMOCNA__ZSOSS.440.140.2019.txt
242,2019-07-15,2019,PRAWOMOCNA,ZSOŚS.440.2.2019,0,by-year/2019/2019-07-15__PRAWOMOCNA__ZSOSS.440.2.2019.txt
243,2019-09-19,2019,PRAWOMOCNA,ZSOŚS.440.20.2019,0,by-year/2019/2019-09-19__PRAWOMOCNA__ZSOSS.440.20.2019.txt
244,2019-04-10,2019,PRAWOMOCNA,ZSOŚS.440.23.2019,0,by-year/2019/2019-04-10__PRAWOMOCNA__ZSOSS.440.23.2019.txt
245,2019-03-19,2019,PRAWOMOCNA,ZSOŚS.440.24.2019,0,by-year/2019/2019-03-19__PRAWOMOCNA__ZSOSS.440.24.2019.txt
246,2019-08-09,2019,PRAWOMOCNA,ZSOŚS.440.25.2019,0,by-year/2019/2019-08-09__PRAWOMOCNA__ZSOSS.440.25.2019.txt
247,2019-05-29,2019,PRAWOMOCNA,ZSOŚS.440.26.2019,0,by-year/2019/2019-05-29__PRAWOMOCNA__ZSOSS.440.26.2019.txt
248,2019-05-29,2019,PRAWOMOCNA,ZSOŚS.440.29.2019,0,by-year/2019/2019-05-29__PRAWOMOCNA__ZSOSS.440.29.2019.txt
249,2019-03-25,2019,PRAWOMOCNA,ZSOŚS.440.3.2019,0,by-year/2019/2019-03-25__PRAWOMOCNA__ZSOSS.440.3.2019.txt
250,2019-06-28,2019,PRAWOMOCNA,ZSOŚS.440.31.2019,0,by-year/2019/2019-06-28__PRAWOMOCNA__ZSOSS.440.31.2019.txt
251,2019-06-14,2019,PRAWOMOCNA,ZSOŚS.440.33.2019,0,by-year/2019/2019-06-14__PRAWOMOCNA__ZSOSS.440.33.2019.txt
252,2019-08-29,2019,PRAWOMOCNA,ZSOŚS.440.38.2019,0,by-year/2019/2019-08-29__PRAWOMOCNA__ZSOSS.440.38.2019.txt
253,2019-09-05,2019,PRAWOMOCNA,ZSOŚS.440.40.2019,0,by-year/2019/2019-09-05__PRAWOMOCNA__ZSOSS.440.40.2019.txt
254,2019-08-22,2019,PRAWOMOCNA,ZSOŚS.440.41.2019,0,by-year/2019/2019-08-22__PRAWOMOCNA__ZSOSS.440.41.2019.txt
255,2019-09-30,2019,PRAWOMOCNA,ZSOŚS.440.46.2019,0,by-year/2019/2019-09-30__PRAWOMOCNA__ZSOSS.440.46.2019.txt
256,2019-04-17,2019,PRAWOMOCNA,ZSOŚS.440.47.2019,0,by-year/2019/2019-04-17__PRAWOMOCNA__ZSOSS.440.47.2019.txt
257,2019-04-25,2019,PRAWOMOCNA,ZSOŚS.440.5.2019,0,by-year/2019/2019-04-25__PRAWOMOCNA__ZSOSS.440.5.2019.txt
258,2019-05-23,2019,PRAWOMOCNA,ZSOŚS.440.50.2019,0,by-year/2019/2019-05-23__PRAWOMOCNA__ZSOSS.440.50.2019.txt
259,2019-06-28,2019,PRAWOMOCNA,ZSOŚS.440.50.2019.II,0,by-year/2019/2019-06-28__PRAWOMOCNA__ZSOSS.440.50.2019.II.txt
260,2019-07-29,2019,PRAWOMOCNA,ZSOŚS.440.55.2019,0,by-year/2019/2019-07-29__PRAWOMOCNA__ZSOSS.440.55.2019.txt
261,2019-07-03,2019,PRAWOMOCNA,ZSOŚS.440.56.2019,0,by-year/2019/2019-07-03__PRAWOMOCNA__ZSOSS.440.56.2019.txt
262,2019-06-14,2019,PRAWOMOCNA,ZSOŚS.440.57.2019,0,by-year/2019/2019-06-14__PRAWOMOCNA__ZSOSS.440.57.2019.txt
263,2019-08-09,2019,PRAWOMOCNA,ZSOŚS.440.60.2019,0,by-year/2019/2019-08-09__PRAWOMOCNA__ZSOSS.440.60.2019.txt
264,2019-07-17,2019,PRAWOMOCNA,ZSOŚS.440.64.2019,0,by-year/2019/2019-07-17__PRAWOMOCNA__ZSOSS.440.64.2019.txt
265,2019-07-18,2019,PRAWOMOCNA,ZSOŚS.440.7.2019,0,by-year/2019/2019-07-18__PRAWOMOCNA__ZSOSS.440.7.2019.txt
266,2019-07-25,2019,PRAWOMOCNA,ZSOŚS.440.71.2019,0,by-year/2019/2019-07-25__PRAWOMOCNA__ZSOSS.440.71.2019.txt
267,2019-09-13,2019,PRAWOMOCNA,ZSOŚS.440.74.2019,0,by-year/2019/2019-09-13__PRAWOMOCNA__ZSOSS.440.74.2019.txt
268,2019-09-11,2019,PRAWOMOCNA,ZSOŚS.440.76.2019,0,by-year/2019/2019-09-11__PRAWOMOCNA__ZSOSS.440.76.2019.txt
269,2019-09-23,2019,PRAWOMOCNA,ZSOŚS.440.82.2019,0,by-year/2019/2019-09-23__PRAWOMOCNA__ZSOSS.440.82.2019.txt
270,2019-06-10,2019,PRAWOMOCNA,ZSOŚS.440.9.2019,0,by-year/2019/2019-06-10__PRAWOMOCNA__ZSOSS.440.9.2019.txt
271,2024-01-17,2024,NIEPRAWOMOCNA,ZSPR.421.2.2019 ZSPR.405.67.2019,1,by-year/2024/2024-01-17__NIEPRAWOMOCNA__ZSPR.421.2.2019_ZSPR.405.67.2019.txt
272,2020-03-09,2020,PRAWOMOCNA,ZSPR.421.19.2019,1,by-year/2020/2020-03-09__PRAWOMOCNA__ZSPR.421.19.2019.txt
273,2019-10-16,2019,PRAWOMOCNA,ZSPR.421.7.2019,1,by-year/2019/2019-10-16__PRAWOMOCNA__ZSPR.421.7.2019.txt
274,2022-07-05,2022,PRAWOMOCNA,ZSPR.440.1055.2019,1,by-year/2022/2022-07-05__PRAWOMOCNA__ZSPR.440.1055.2019.txt
275,2019-03-21,2019,PRAWOMOCNA,ZSPR.440.195.2019,0,by-year/2019/2019-03-21__PRAWOMOCNA__ZSPR.440.195.2019.txt
276,2019-04-25,2019,PRAWOMOCNA,ZSPR.440.43.2019,1,by-year/2019/2019-04-25__PRAWOMOCNA__ZSPR.440.43.2019.txt
277,2019-03-20,2019,PRAWOMOCNA,ZSPR.440.493.2019,0,by-year/2019/2019-03-20__PRAWOMOCNA__ZSPR.440.493.2019.txt
278,2022-02-09,2022,PRAWOMOCNA,ZSPR.440.911.2019,0,by-year/2022/2022-02-09__PRAWOMOCNA__ZSPR.440.911.2019.txt
279,2022-12-30,2022,PRAWOMOCNA,ZSPR.440.963.2019,0,by-year/2022/2022-12-30__PRAWOMOCNA__ZSPR.440.963.2019.txt
280,2019-07-11,2019,PRAWOMOCNA,ZSPR.440.985.2019,0,by-year/2019/2019-07-11__PRAWOMOCNA__ZSPR.440.985.2019.txt
281,2019-10-18,2019,PRAWOMOCNA,ZSPU.421.3.2019,1,by-year/2019/2019-10-18__PRAWOMOCNA__ZSPU.421.3.2019.txt
282,2019-04-16,2019,PRAWOMOCNA,ZSPU.440.131.2019,0,by-year/2019/2019-04-16__PRAWOMOCNA__ZSPU.440.131.2019.txt
283,2019-04-15,2019,PRAWOMOCNA,ZSPU.440.146.2019,0,by-year/2019/2019-04-15__PRAWOMOCNA__ZSPU.440.146.2019.txt
284,2019-04-18,2019,PRAWOMOCNA,ZSPU.440.153.2019,0,by-year/2019/2019-04-18__PRAWOMOCNA__ZSPU.440.153.2019.txt
285,2019-05-17,2019,PRAWOMOCNA,ZSPU.440.156.2019,0,by-year/2019/2019-05-17__PRAWOMOCNA__ZSPU.440.156.2019.txt
286,2019-04-15,2019,NIEPRAWOMOCNA,ZSPU.440.200.2019,0,by-year/2019/2019-04-15__NIEPRAWOMOCNA__ZSPU.440.200.2019.txt
287,2019-10-08,2019,PRAWOMOCNA,ZSPU.440.296.2019,1,by-year/2019/2019-10-08__PRAWOMOCNA__ZSPU.440.296.2019.txt
288,2019-08-20,2019,PRAWOMOCNA,ZSPU.440.486.2019,0,by-year/2019/2019-08-20__PRAWOMOCNA__ZSPU.440.486.2019.txt
289,2019-04-16,2019,PRAWOMOCNA,ZSPU.440.71.2019.II,0,by-year/2019/2019-04-16__PRAWOMOCNA__ZSPU.440.71.2019.II.txt
290,2019-06-17,2019,PRAWOMOCNA,ZSZZS.440.108.2019,0,by-year/2019/2019-06-17__PRAWOMOCNA__ZSZZS.440.108.2019.txt
291,2019-06-17,2019,PRAWOMOCNA,ZSZZS.440.50.2019,0,by-year/2019/2019-06-17__PRAWOMOCNA__ZSZZS.440.50.2019.txt
292,2020-09-22,2020,NIEPRAWOMOCNA,ZWAD.405.31.331.2019,1,by-year/2020/2020-09-22__NIEPRAWOMOCNA__ZWAD.405.31.331.2019.txt
293,2022-05-16,2022,PRAWOMOCNA,ZWOS.440.3951.2019,1,by-year/2022/2022-05-16__PRAWOMOCNA__ZWOS.440.3951.2019.txt
294,2020-05-29,2020,PRAWOMOCNA,DKE.561.1.2020,1,by-year/2020/2020-05-29__PRAWOMOCNA__DKE.561.1.2020.txt
295,2020-12-29,2020,PRAWOMOCNA,DKE.561.10.2020,1,by-year/2020/2020-12-29__PRAWOMOCNA__DKE.561.10.2020.txt
296,2021-01-05,2021,NIEPRAWOMOCNA,DKE.561.11.2020,0,by-year/2021/2021-01-05__NIEPRAWOMOCNA__DKE.561.11.2020.txt
297,2020-12-04,2020,PRAWOMOCNA,DKE.561.12.2020,1,by-year/2020/2020-12-04__PRAWOMOCNA__DKE.561.12.2020.txt
298,2020-12-09,2020,PRAWOMOCNA,DKE.561.13.2020,1,by-year/2020/2020-12-09__PRAWOMOCNA__DKE.561.13.2020.txt
299,2020-12-04,2020,PRAWOMOCNA,DKE.561.14.2020,1,by-year/2020/2020-12-04__PRAWOMOCNA__DKE.561.14.2020.txt
300,2020-12-04,2020,PRAWOMOCNA,DKE.561.15.2020,1,by-year/2020/2020-12-04__PRAWOMOCNA__DKE.561.15.2020.txt
301,2021-01-05,2021,PRAWOMOCNA,DKE.561.16.2020,1,by-year/2021/2021-01-05__PRAWOMOCNA__DKE.561.16.2020.txt
302,2020-12-18,2020,PRAWOMOCNA,DKE.561.17.2020,1,by-year/2020/2020-12-18__PRAWOMOCNA__DKE.561.17.2020.txt
303,2020-06-03,2020,PRAWOMOCNA,DKE.561.2.2020,1,by-year/2020/2020-06-03__PRAWOMOCNA__DKE.561.2.2020.txt
304,2020-11-26,2020,PRAWOMOCNA,DKE.561.20.2020,1,by-year/2020/2020-11-26__PRAWOMOCNA__DKE.561.20.2020.txt
305,2020-11-19,2020,PRAWOMOCNA,DKE.561.21.2020,1,by-year/2020/2020-11-19__PRAWOMOCNA__DKE.561.21.2020.txt
306,2021-03-19,2021,PRAWOMOCNA,DKE.561.22.2020,1,by-year/2021/2021-03-19__PRAWOMOCNA__DKE.561.22.2020.txt
307,2021-04-27,2021,PRAWOMOCNA,DKE.561.23.2020,1,by-year/2021/2021-04-27__PRAWOMOCNA__DKE.561.23.2020.txt
308,2020-12-16,2020,PRAWOMOCNA,DKE.561.24.2020,1,by-year/2020/2020-12-16__PRAWOMOCNA__DKE.561.24.2020.txt
309,2021-03-19,2021,PRAWOMOCNA,DKE.561.25.2020,1,by-year/2021/2021-03-19__PRAWOMOCNA__DKE.561.25.2020.txt
310,2022-07-05,2022,PRAWOMOCNA,DKE.561.27.2020,1,by-year/2022/2022-07-05__PRAWOMOCNA__DKE.561.27.2020.txt
311,2021-09-01,2021,PRAWOMOCNA,DKE.561.28.2020,1,by-year/2021/2021-09-01__PRAWOMOCNA__DKE.561.28.2020.txt
312,2020-07-02,2020,PRAWOMOCNA,DKE.561.3.2020,1,by-year/2020/2020-07-02__PRAWOMOCNA__DKE.561.3.2020.txt
313,2020-09-23,2020,PRAWOMOCNA,DKE.561.4.2020,1,by-year/2020/2020-09-23__PRAWOMOCNA__DKE.561.4.2020.txt
314,2020-09-09,2020,PRAWOMOCNA,DKE.561.5.2020,1,by-year/2020/2020-09-09__PRAWOMOCNA__DKE.561.5.2020.txt
315,2020-09-09,2020,PRAWOMOCNA,DKE.561.6.2020,1,by-year/2020/2020-09-09__PRAWOMOCNA__DKE.561.6.2020.txt
316,2021-03-01,2021,PRAWOMOCNA,DKE.561.8.2020,1,by-year/2021/2021-03-01__PRAWOMOCNA__DKE.561.8.2020.txt
317,2020-12-04,2020,PRAWOMOCNA,DKE.561.9.2020,1,by-year/2020/2020-12-04__PRAWOMOCNA__DKE.561.9.2020.txt
318,2020-11-12,2020,PRAWOMOCNA,DKN.5101.25.2020,1,by-year/2020/2020-11-12__PRAWOMOCNA__DKN.5101.25.2020.txt
319,2020-12-03,2020,NIEPRAWOMOCNA,DKN.5112.1.2020,1,by-year/2020/2020-12-03__NIEPRAWOMOCNA__DKN.5112.1.2020.txt
320,2020-08-24,2020,PRAWOMOCNA,DKN.5112.13.2020,1,by-year/2020/2020-08-24__PRAWOMOCNA__DKN.5112.13.2020.txt
321,2025-07-23,2025,NIEPRAWOMOCNA,DKN.5112.6.2020,1,by-year/2025/2025-07-23__NIEPRAWOMOCNA__DKN.5112.6.2020.txt
322,2020-06-30,2020,PRAWOMOCNA,DKN.5112.7.2020,1,by-year/2020/2020-06-30__PRAWOMOCNA__DKN.5112.7.2020.txt
323,2020-12-17,2020,NIEPRAWOMOCNA,DKN.5130.1354.2020,1,by-year/2020/2020-12-17__NIEPRAWOMOCNA__DKN.5130.1354.2020.txt
324,2021-02-11,2021,NIEPRAWOMOCNA,DKN.5130.2024.2020,1,by-year/2021/2021-02-11__NIEPRAWOMOCNA__DKN.5130.2024.2020.txt
325,2022-01-22,2022,NIEPRAWOMOCNA,DKN.5130.2215.2020,1,by-year/2022/2022-01-22__NIEPRAWOMOCNA__DKN.5130.2215.2020.txt
326,2024-11-12,2024,PRAWOMOCNA,DKN.5130.2415.2020,1,by-year/2024/2024-11-12__PRAWOMOCNA__DKN.5130.2415.2020.txt
327,2021-01-11,2021,PRAWOMOCNA,DKN.5130.2815.2020,1,by-year/2021/2021-01-11__PRAWOMOCNA__DKN.5130.2815.2020.txt
328,2021-04-22,2021,NIEPRAWOMOCNA,DKN.5130.3114.2020,1,by-year/2021/2021-04-22__NIEPRAWOMOCNA__DKN.5130.3114.2020.txt
329,2021-06-08,2021,NIEPRAWOMOCNA,DKN.5131.10.2020,0,by-year/2021/2021-06-08__NIEPRAWOMOCNA__DKN.5131.10.2020.txt
330,2021-06-30,2021,NIEPRAWOMOCNA,DKN.5131.11.2020,1,by-year/2021/2021-06-30__NIEPRAWOMOCNA__DKN.5131.11.2020.txt
331,2023-01-19,2023,NIEPRAWOMOCNA,DKN.5131.12.2020,1,by-year/2023/2023-01-19__NIEPRAWOMOCNA__DKN.5131.12.2020.txt
332,2020-12-09,2020,PRAWOMOCNA,DKN.5131.5.2020,1,by-year/2020/2020-12-09__PRAWOMOCNA__DKN.5131.5.2020.txt
333,2021-01-05,2021,PRAWOMOCNA,DKN.5131.6.2020,1,by-year/2021/2021-01-05__PRAWOMOCNA__DKN.5131.6.2020.txt
334,2021-01-11,2021,PRAWOMOCNA,DKN.5131.7.2020,1,by-year/2021/2021-01-11__PRAWOMOCNA__DKN.5131.7.2020.txt
335,2022-01-10,2022,PRAWOMOCNA,DS.523.3629.2020,0,by-year/2022/2022-01-10__PRAWOMOCNA__DS.523.3629.2020.txt
336,2022-07-05,2022,PRAWOMOCNA,DS.523.4158.2020,0,by-year/2022/2022-07-05__PRAWOMOCNA__DS.523.4158.2020.txt
337,2022-10-19,2022,PRAWOMOCNA,DS.523.4826.2020,0,by-year/2022/2022-10-19__PRAWOMOCNA__DS.523.4826.2020.txt
338,2021-04-21,2021,PRAWOMOCNA,DKE.440.28.2021,0,by-year/2021/2021-04-21__PRAWOMOCNA__DKE.440.28.2021.txt
339,2021-04-14,2021,PRAWOMOCNA,DKE.523.1.2021,0,by-year/2021/2021-04-14__PRAWOMOCNA__DKE.523.1.2021.txt
340,2021-04-15,2021,PRAWOMOCNA,DKE.523.10.2021,0,by-year/2021/2021-04-15__PRAWOMOCNA__DKE.523.10.2021.txt
341,2021-05-21,2021,PRAWOMOCNA,DKE.523.11.2021,0,by-year/2021/2021-05-21__PRAWOMOCNA__DKE.523.11.2021.txt
342,2023-01-18,2023,PRAWOMOCNA,DKE.523.13.2021,0,by-year/2023/2023-01-18__PRAWOMOCNA__DKE.523.13.2021.txt
343,2022-05-20,2022,PRAWOMOCNA,DKE.523.16.2021,0,by-year/2022/2022-05-20__PRAWOMOCNA__DKE.523.16.2021.txt
344,2021-08-24,2021,PRAWOMOCNA,DKE.523.18.2021,0,by-year/2021/2021-08-24__PRAWOMOCNA__DKE.523.18.2021.txt
345,2021-12-10,2021,PRAWOMOCNA,DKE.523.19.2021,0,by-year/2021/2021-12-10__PRAWOMOCNA__DKE.523.19.2021.txt
346,2022-03-18,2022,PRAWOMOCNA,DKE.523.2.2021,0,by-year/2022/2022-03-18__PRAWOMOCNA__DKE.523.2.2021.txt
347,2021-09-03,2021,PRAWOMOCNA,DKE.523.20.2021,0,by-year/2021/2021-09-03__PRAWOMOCNA__DKE.523.20.2021.txt
348,2022-12-13,2022,PRAWOMOCNA,DKE.523.21.2021,0,by-year/2022/2022-12-13__PRAWOMOCNA__DKE.523.21.2021.txt
349,2021-09-10,2021,PRAWOMOCNA,DKE.523.22.2021,0,by-year/2021/2021-09-10__PRAWOMOCNA__DKE.523.22.2021.txt
350,2021-09-13,2021,PRAWOMOCNA,DKE.523.23.2021,0,by-year/2021/2021-09-13__PRAWOMOCNA__DKE.523.23.2021.txt
351,2023-03-01,2023,PRAWOMOCNA,DKE.523.24.2021,0,by-year/2023/2023-03-01__PRAWOMOCNA__DKE.523.24.2021.txt
352,2021-12-03,2021,PRAWOMOCNA,DKE.523.25.2021,0,by-year/2021/2021-12-03__PRAWOMOCNA__DKE.523.25.2021.txt
353,2021-09-24,2021,PRAWOMOCNA,DKE.523.26.2021,0,by-year/2021/2021-09-24__PRAWOMOCNA__DKE.523.26.2021.txt
354,2021-07-01,2021,PRAWOMOCNA,DKE.523.29.2021,0,by-year/2021/2021-07-01__PRAWOMOCNA__DKE.523.29.2021.txt
355,2021-03-05,2021,PRAWOMOCNA,DKE.523.3.2021,0,by-year/2021/2021-03-05__PRAWOMOCNA__DKE.523.3.2021.txt
356,2021-07-23,2021,PRAWOMOCNA,DKE.523.30.2021,0,by-year/2021/2021-07-23__PRAWOMOCNA__DKE.523.30.2021.txt
357,2021-11-26,2021,PRAWOMOCNA,DKE.523.32.2021,0,by-year/2021/2021-11-26__PRAWOMOCNA__DKE.523.32.2021.txt
358,2021-09-17,2021,PRAWOMOCNA,DKE.523.33.2021,0,by-year/2021/2021-09-17__PRAWOMOCNA__DKE.523.33.2021.txt
359,2023-03-23,2023,PRAWOMOCNA,DKE.523.34.2021,0,by-year/2023/2023-03-23__PRAWOMOCNA__DKE.523.34.2021.txt
360,2022-09-16,2022,PRAWOMOCNA,DKE.523.36.2021,0,by-year/2022/2022-09-16__PRAWOMOCNA__DKE.523.36.2021.txt
361,2022-04-22,2022,PRAWOMOCNA,DKE.523.37.2021,0,by-year/2022/2022-04-22__PRAWOMOCNA__DKE.523.37.2021.txt
362,2021-09-15,2021,PRAWOMOCNA,DKE.523.38.2021,0,by-year/2021/2021-09-15__PRAWOMOCNA__DKE.523.38.2021.txt
363,2021-07-26,2021,PRAWOMOCNA,DKE.523.39.2021,0,by-year/2021/2021-07-26__PRAWOMOCNA__DKE.523.39.2021.txt
364,2021-10-04,2021,PRAWOMOCNA,DKE.523.4.2021,0,by-year/2021/2021-10-04__PRAWOMOCNA__DKE.523.4.2021.txt
365,2022-12-15,2022,PRAWOMOCNA,DKE.523.41.2021,0,by-year/2022/2022-12-15__PRAWOMOCNA__DKE.523.41.2021.txt
366,2021-05-28,2021,PRAWOMOCNA,DKE.523.5.2021,0,by-year/2021/2021-05-28__PRAWOMOCNA__DKE.523.5.2021.txt
367,2021-03-05,2021,PRAWOMOCNA,DKE.523.6.2021,0,by-year/2021/2021-03-05__PRAWOMOCNA__DKE.523.6.2021.txt
368,2021-04-09,2021,PRAWOMOCNA,DKE.523.7.2021,0,by-year/2021/2021-04-09__PRAWOMOCNA__DKE.523.7.2021.txt
369,2021-04-09,2021,PRAWOMOCNA,DKE.523.8.2021,0,by-year/2021/2021-04-09__PRAWOMOCNA__DKE.523.8.2021.txt
370,2021-04-14,2021,PRAWOMOCNA,DKE.523.9.2021,0,by-year/2021/2021-04-14__PRAWOMOCNA__DKE.523.9.2021.txt
371,2021-12-31,2021,PRAWOMOCNA,DKE.561.1.2021,1,by-year/2021/2021-12-31__PRAWOMOCNA__DKE.561.1.2021.txt
372,2022-01-13,2022,PRAWOMOCNA,DKE.561.10.2021,1,by-year/2022/2022-01-13__PRAWOMOCNA__DKE.561.10.2021.txt
373,2022-02-04,2022,PRAWOMOCNA,DKE.561.11.2021,1,by-year/2022/2022-02-04__PRAWOMOCNA__DKE.561.11.2021.txt
374,2021-09-07,2021,PRAWOMOCNA,DKE.561.12.2021,1,by-year/2021/2021-09-07__PRAWOMOCNA__DKE.561.12.2021.txt
375,2021-12-22,2021,PRAWOMOCNA,DKE.561.13.2021,1,by-year/2021/2021-12-22__PRAWOMOCNA__DKE.561.13.2021.txt
376,2022-01-19,2022,PRAWOMOCNA,DKE.561.14.2021,1,by-year/2022/2022-01-19__PRAWOMOCNA__DKE.561.14.2021.txt
377,2022-10-05,2022,PRAWOMOCNA,DKE.561.15.2021,1,by-year/2022/2022-10-05__PRAWOMOCNA__DKE.561.15.2021.txt
378,2021-12-01,2021,PRAWOMOCNA,DKE.561.16.2021,1,by-year/2021/2021-12-01__PRAWOMOCNA__DKE.561.16.2021.txt
379,2021-08-31,2021,PRAWOMOCNA,DKE.561.17.2021,1,by-year/2021/2021-08-31__PRAWOMOCNA__DKE.561.17.2021.txt
380,2022-03-23,2022,PRAWOMOCNA,DKE.561.18.2021,1,by-year/2022/2022-03-23__PRAWOMOCNA__DKE.561.18.2021.txt
381,2021-12-23,2021,PRAWOMOCNA,DKE.561.19.2021,1,by-year/2021/2021-12-23__PRAWOMOCNA__DKE.561.19.2021.txt
382,2021-03-26,2021,PRAWOMOCNA,DKE.561.2.2021,0,by-year/2021/2021-03-26__PRAWOMOCNA__DKE.561.2.2021.txt
383,2022-12-16,2022,PRAWOMOCNA,DKE.561.20.2021,1,by-year/2022/2022-12-16__PRAWOMOCNA__DKE.561.20.2021.txt
384,2021-09-02,2021,PRAWOMOCNA,DKE.561.21.2021,1,by-year/2021/2021-09-02__PRAWOMOCNA__DKE.561.21.2021.txt
385,2021-09-06,2021,PRAWOMOCNA,DKE.561.22.2021,1,by-year/2021/2021-09-06__PRAWOMOCNA__DKE.561.22.2021.txt
386,2022-08-18,2022,PRAWOMOCNA,DKE.561.23.2021,1,by-year/2022/2022-08-18__PRAWOMOCNA__DKE.561.23.2021.txt
387,2022-01-20,2022,PRAWOMOCNA,DKE.561.24.2021,1,by-year/2022/2022-01-20__PRAWOMOCNA__DKE.561.24.2021.txt
388,2022-08-30,2022,PRAWOMOCNA,DKE.561.25.2021,1,by-year/2022/2022-08-30__PRAWOMOCNA__DKE.561.25.2021.txt
389,2022-12-02,2022,PRAWOMOCNA,DKE.561.26.2021,0,by-year/2022/2022-12-02__PRAWOMOCNA__DKE.561.26.2021.txt
390,2021-04-15,2021,PRAWOMOCNA,DKE.561.3.2021,1,by-year/2021/2021-04-15__PRAWOMOCNA__DKE.561.3.2021.txt
391,2022-01-26,2022,PRAWOMOCNA,DKE.561.4.2021,1,by-year/2022/2022-01-26__PRAWOMOCNA__DKE.561.4.2021.txt
392,2021-07-01,2021,PRAWOMOCNA,DKE.561.8.2021,0,by-year/2021/2021-07-01__PRAWOMOCNA__DKE.561.8.2021.txt
393,2021-10-07,2021,PRAWOMOCNA,DKE.561.9.2021,1,by-year/2021/2021-10-07__PRAWOMOCNA__DKE.561.9.2021.txt
394,2022-06-06,2022,PRAWOMOCNA,DKN.5110.12.2021,1,by-year/2022/2022-06-06__PRAWOMOCNA__DKN.5110.12.2021.txt
395,2024-05-20,2024,NIEPRAWOMOCNA,DKN.5112.35.2021,1,by-year/2024/2024-05-20__NIEPRAWOMOCNA__DKN.5112.35.2021.txt
396,2022-11-30,2022,NIEPRAWOMOCNA,DKN.5112.5.2021,1,by-year/2022/2022-11-30__NIEPRAWOMOCNA__DKN.5112.5.2021.txt
397,2024-10-09,2024,NIEPRAWOMOCNA,DKN.5131.1.2021,1,by-year/2024/2024-10-09__NIEPRAWOMOCNA__DKN.5131.1.2021.txt
398,2022-05-25,2022,PRAWOMOCNA,DKN.5131.14.2021,1,by-year/2022/2022-05-25__PRAWOMOCNA__DKN.5131.14.2021.txt
399,2021-10-14,2021,NIEPRAWOMOCNA,DKN.5131.16.2021,1,by-year/2021/2021-10-14__NIEPRAWOMOCNA__DKN.5131.16.2021.txt
400,2021-07-13,2021,PRAWOMOCNA,DKN.5131.22.2021,1,by-year/2021/2021-07-13__PRAWOMOCNA__DKN.5131.22.2021.txt
401,2021-06-21,2021,NIEPRAWOMOCNA,DKN.5131.3.2021,1,by-year/2021/2021-06-21__NIEPRAWOMOCNA__DKN.5131.3.2021.txt
402,2023-02-07,2023,PRAWOMOCNA,DKN.5131.31.2021,1,by-year/2023/2023-02-07__PRAWOMOCNA__DKN.5131.31.2021.txt
403,2022-01-19,2022,NIEPRAWOMOCNA,DKN.5131.33.2021,1,by-year/2022/2022-01-19__NIEPRAWOMOCNA__DKN.5131.33.2021.txt
404,2022-07-06,2022,PRAWOMOCNA,DKN.5131.34.2021,1,by-year/2022/2022-07-06__PRAWOMOCNA__DKN.5131.34.2021.txt
405,2024-10-10,2024,PRAWOMOCNA,DKN.5131.35.2021,1,by-year/2024/2024-10-10__PRAWOMOCNA__DKN.5131.35.2021.txt
406,2023-03-01,2023,NIEPRAWOMOCNA,DKN.5131.49.2021,1,by-year/2023/2023-03-01__NIEPRAWOMOCNA__DKN.5131.49.2021.txt
407,2023-02-08,2023,PRAWOMOCNA,DKN.5131.50.2021,1,by-year/2023/2023-02-08__PRAWOMOCNA__DKN.5131.50.2021.txt
408,2024-01-18,2024,PRAWOMOCNA,DKN.5131.53.2021,1,by-year/2024/2024-01-18__PRAWOMOCNA__DKN.5131.53.2021.txt
409,2022-06-14,2022,PRAWOMOCNA,DKN.5131.56.2021,1,by-year/2022/2022-06-14__PRAWOMOCNA__DKN.5131.56.2021.txt
410,2023-05-31,2023,PRAWOMOCNA,DKN.5131.8.2021,1,by-year/2023/2023-05-31__PRAWOMOCNA__DKN.5131.8.2021.txt
411,2022-03-02,2022,PRAWOMOCNA,DS.523.1235.2021,1,by-year/2022/2022-03-02__PRAWOMOCNA__DS.523.1235.2021.txt
412,2022-01-24,2022,PRAWOMOCNA,DS.523.2332.2021,0,by-year/2022/2022-01-24__PRAWOMOCNA__DS.523.2332.2021.txt
413,2022-05-30,2022,PRAWOMOCNA,DS.523.399.2021,1,by-year/2022/2022-05-30__PRAWOMOCNA__DS.523.399.2021.txt
414,2022-06-14,2022,PRAWOMOCNA,DS.523.6339.2021,0,by-year/2022/2022-06-14__PRAWOMOCNA__DS.523.6339.2021.txt
415,2022-04-27,2022,PRAWOMOCNA,DS.523.7376.2021,1,by-year/2022/2022-04-27__PRAWOMOCNA__DS.523.7376.2021.txt
416,2022-07-13,2022,PRAWOMOCNA,DS.523.7988.2021,1,by-year/2022/2022-07-13__PRAWOMOCNA__DS.523.7988.2021.txt
417,2022-07-22,2022,PRAWOMOCNA,DKE.561.1.2022,1,by-year/2022/2022-07-22__PRAWOMOCNA__DKE.561.1.2022.txt
418,2022-12-30,2022,PRAWOMOCNA,DKE.561.10.2022,1,by-year/2022/2022-12-30__PRAWOMOCNA__DKE.561.10.2022.txt
419,2022-07-26,2022,PRAWOMOCNA,DKE.561.12.2022,1,by-year/2022/2022-07-26__PRAWOMOCNA__DKE.561.12.2022.txt
420,2022-05-13,2022,PRAWOMOCNA,DKE.561.13.2022,1,by-year/2022/2022-05-13__PRAWOMOCNA__DKE.561.13.2022.txt
421,2022-06-03,2022,PRAWOMOCNA,DKE.561.14.2022,1,by-year/2022/2022-06-03__PRAWOMOCNA__DKE.561.14.2022.txt
422,2022-07-06,2022,PRAWOMOCNA,DKE.561.15.2022,1,by-year/2022/2022-07-06__PRAWOMOCNA__DKE.561.15.2022.txt
423,2022-07-29,2022,PRAWOMOCNA,DKE.561.16.2022,1,by-year/2022/2022-07-29__PRAWOMOCNA__DKE.561.16.2022.txt
424,2022-09-19,2022,PRAWOMOCNA,DKE.561.17.2022,1,by-year/2022/2022-09-19__PRAWOMOCNA__DKE.561.17.2022.txt
425,2022-12-30,2022,PRAWOMOCNA,DKE.561.18.2022,1,by-year/2022/2022-12-30__PRAWOMOCNA__DKE.561.18.2022.txt
426,2022-08-31,2022,PRAWOMOCNA,DKE.561.19.2022,1,by-year/2022/2022-08-31__PRAWOMOCNA__DKE.561.19.2022.txt
427,2022-12-30,2022,PRAWOMOCNA,DKE.561.20.2022,1,by-year/2022/2022-12-30__PRAWOMOCNA__DKE.561.20.2022.txt
428,2022-10-28,2022,PRAWOMOCNA,DKE.561.21.2022,1,by-year/2022/2022-10-28__PRAWOMOCNA__DKE.561.21.2022.txt
429,2022-09-27,2022,PRAWOMOCNA,DKE.561.22.2022,1,by-year/2022/2022-09-27__PRAWOMOCNA__DKE.561.22.2022.txt
430,2022-09-22,2022,PRAWOMOCNA,DKE.561.23.2022,1,by-year/2022/2022-09-22__PRAWOMOCNA__DKE.561.23.2022.txt
431,2023-01-25,2023,PRAWOMOCNA,DKE.561.24.2022,1,by-year/2023/2023-01-25__PRAWOMOCNA__DKE.561.24.2022.txt
432,2022-12-13,2022,PRAWOMOCNA,DKE.561.25.2022,1,by-year/2022/2022-12-13__PRAWOMOCNA__DKE.561.25.2022.txt
433,2022-12-19,2022,PRAWOMOCNA,DKE.561.26.2022,1,by-year/2022/2022-12-19__PRAWOMOCNA__DKE.561.26.2022.txt
434,2022-12-02,2022,PRAWOMOCNA,DKE.561.27.2022,1,by-year/2022/2022-12-02__PRAWOMOCNA__DKE.561.27.2022.txt
435,2022-11-07,2022,PRAWOMOCNA,DKE.561.28.2022,0,by-year/2022/2022-11-07__PRAWOMOCNA__DKE.561.28.2022.txt
436,2022-12-16,2022,PRAWOMOCNA,DKE.561.29.2022,1,by-year/2022/2022-12-16__PRAWOMOCNA__DKE.561.29.2022.txt
437,2022-03-23,2022,PRAWOMOCNA,DKE.561.3.2022,0,by-year/2022/2022-03-23__PRAWOMOCNA__DKE.561.3.2022.txt
438,2022-12-29,2022,NIEPRAWOMOCNA,DKE.561.30.2022,1,by-year/2022/2022-12-29__NIEPRAWOMOCNA__DKE.561.30.2022.txt
439,2023-01-20,2023,PRAWOMOCNA,DKE.561.31.2022,1,by-year/2023/2023-01-20__PRAWOMOCNA__DKE.561.31.2022.txt
440,2023-03-23,2023,PRAWOMOCNA,DKE.561.32.2022,1,by-year/2023/2023-03-23__PRAWOMOCNA__DKE.561.32.2022.txt
441,2023-05-26,2023,PRAWOMOCNA,DKE.561.33.2022,1,by-year/2023/2023-05-26__PRAWOMOCNA__DKE.561.33.2022.txt
442,2023-01-25,2023,PRAWOMOCNA,DKE.561.35.2022,1,by-year/2023/2023-01-25__PRAWOMOCNA__DKE.561.35.2022.txt
443,2023-05-31,2023,PRAWOMOCNA,DKE.561.37.2022,1,by-year/2023/2023-05-31__PRAWOMOCNA__DKE.561.37.2022.txt
444,2023-06-02,2023,PRAWOMOCNA,DKE.561.38.2022,1,by-year/2023/2023-06-02__PRAWOMOCNA__DKE.561.38.2022.txt
445,2022-03-25,2022,PRAWOMOCNA,DKE.561.4.2022,1,by-year/2022/2022-03-25__PRAWOMOCNA__DKE.561.4.2022.txt
446,2022-08-31,2022,PRAWOMOCNA,DKE.561.5.2022,1,by-year/2022/2022-08-31__PRAWOMOCNA__DKE.561.5.2022.txt
447,2022-05-25,2022,PRAWOMOCNA,DKE.561.6.2022,1,by-year/2022/2022-05-25__PRAWOMOCNA__DKE.561.6.2022.txt
448,2022-03-25,2022,PRAWOMOCNA,DKE.561.7.2022,1,by-year/2022/2022-03-25__PRAWOMOCNA__DKE.561.7.2022.txt
449,2022-07-18,2022,PRAWOMOCNA,DKE.561.8.2022,1,by-year/2022/2022-07-18__PRAWOMOCNA__DKE.561.8.2022.txt
450,2022-05-23,2022,PRAWOMOCNA,DKE.561.9.2022,1,by-year/2022/2022-05-23__PRAWOMOCNA__DKE.561.9.2022.txt
451,2025-04-02,2025,PRAWOMOCNA,DKN.5110.14.2022,1,by-year/2025/2025-04-02__PRAWOMOCNA__DKN.5110.14.2022.txt
452,2025-04-02,2025,PRAWOMOCNA,DKN.5110.16.2022,1,by-year/2025/2025-04-02__PRAWOMOCNA__DKN.5110.16.2022.txt
453,2024-01-10,2024,PRAWOMOCNA,DKN.5110.3.2022,1,by-year/2024/2024-01-10__PRAWOMOCNA__DKN.5110.3.2022.txt
454,2024-12-18,2024,NIEPRAWOMOCNA,DKN.5112.14.2022,1,by-year/2024/2024-12-18__NIEPRAWOMOCNA__DKN.5112.14.2022.txt
455,2022-06-23,2022,PRAWOMOCNA,DKN.5131.11.2022,1,by-year/2022/2022-06-23__PRAWOMOCNA__DKN.5131.11.2022.txt
456,2023-11-30,2023,NIEPRAWOMOCNA,DKN.5131.13.2022,1,by-year/2023/2023-11-30__NIEPRAWOMOCNA__DKN.5131.13.2022.txt
457,2025-07-04,2025,NIEPRAWOMOCNA,DKN.5131.17.2022,1,by-year/2025/2025-07-04__NIEPRAWOMOCNA__DKN.5131.17.2022.txt
458,2022-11-03,2022,NIEPRAWOMOCNA,DKN.5131.18.2022,0,by-year/2022/2022-11-03__NIEPRAWOMOCNA__DKN.5131.18.2022.txt
459,2022-07-21,2022,PRAWOMOCNA,DKN.5131.2.2022,1,by-year/2022/2022-07-21__PRAWOMOCNA__DKN.5131.2.2022.txt
460,2022-06-02,2022,PRAWOMOCNA,DKN.5131.23.2022,1,by-year/2022/2022-06-02__PRAWOMOCNA__DKN.5131.23.2022.txt
461,2022-07-07,2022,PRAWOMOCNA,DKN.5131.27.2022,1,by-year/2022/2022-07-07__PRAWOMOCNA__DKN.5131.27.2022.txt
462,2022-08-16,2022,PRAWOMOCNA,DKN.5131.29.2022,1,by-year/2022/2022-08-16__PRAWOMOCNA__DKN.5131.29.2022.txt
463,2025-06-03,2025,NIEPRAWOMOCNA,DKN.5131.30.2022,1,by-year/2025/2025-06-03__NIEPRAWOMOCNA__DKN.5131.30.2022.txt
464,2023-04-20,2023,NIEPRAWOMOCNA,DKN.5131.31.2022,1,by-year/2023/2023-04-20__NIEPRAWOMOCNA__DKN.5131.31.2022.txt
465,2024-04-24,2024,PRAWOMOCNA,DKN.5131.32.2022,1,by-year/2024/2024-04-24__PRAWOMOCNA__DKN.5131.32.2022.txt
466,2023-12-20,2023,PRAWOMOCNA,DKN.5131.34.2022,1,by-year/2023/2023-12-20__PRAWOMOCNA__DKN.5131.34.2022.txt
467,2023-12-19,2023,NIEPRAWOMOCNA,DKN.5131.42.2022,1,by-year/2023/2023-12-19__NIEPRAWOMOCNA__DKN.5131.42.2022.txt
468,2023-07-12,2023,PRAWOMOCNA,DKN.5131.43.2022,1,by-year/2023/2023-07-12__PRAWOMOCNA__DKN.5131.43.2022.txt
469,2023-05-09,2023,PRAWOMOCNA,DKN.5131.44.2022,1,by-year/2023/2023-05-09__PRAWOMOCNA__DKN.5131.44.2022.txt
470,2023-03-14,2023,NIEPRAWOMOCNA,DKN.5131.45.2022,1,by-year/2023/2023-03-14__NIEPRAWOMOCNA__DKN.5131.45.2022.txt
471,2023-07-18,2023,NIEPRAWOMOCNA,DKN.5131.47.2022,1,by-year/2023/2023-07-18__NIEPRAWOMOCNA__DKN.5131.47.2022.txt
472,2025-06-17,2025,NIEPRAWOMOCNA,DKN.5131.48.2022,1,by-year/2025/2025-06-17__NIEPRAWOMOCNA__DKN.5131.48.2022.txt
473,2023-10-18,2023,NIEPRAWOMOCNA,DKN.5131.55.2022,1,by-year/2023/2023-10-18__NIEPRAWOMOCNA__DKN.5131.55.2022.txt
474,2023-05-16,2023,PRAWOMOCNA,DKN.5131.56.2022,1,by-year/2023/2023-05-16__PRAWOMOCNA__DKN.5131.56.2022.txt
475,2024-06-13,2024,PRAWOMOCNA,DKN.5131.57.2022,1,by-year/2024/2024-06-13__PRAWOMOCNA__DKN.5131.57.2022.txt
476,2024-04-30,2024,PRAWOMOCNA,DKN.5131.58.2022,1,by-year/2024/2024-04-30__PRAWOMOCNA__DKN.5131.58.2022.txt
477,2024-03-12,2024,NIEPRAWOMOCNA,DKN.5131.59.2022,1,by-year/2024/2024-03-12__NIEPRAWOMOCNA__DKN.5131.59.2022.txt
478,2022-11-02,2022,PRAWOMOCNA,DKN.5131.8.2022,1,by-year/2022/2022-11-02__PRAWOMOCNA__DKN.5131.8.2022.txt
479,2022-11-23,2022,PRAWOMOCNA,DS.523.1436.2022,1,by-year/2022/2022-11-23__PRAWOMOCNA__DS.523.1436.2022.txt
480,2023-03-10,2023,PRAWOMOCNA,DS.523.2244.2022,1,by-year/2023/2023-03-10__PRAWOMOCNA__DS.523.2244.2022.txt
481,2022-11-25,2022,PRAWOMOCNA,DS.523.2704.2022,1,by-year/2022/2022-11-25__PRAWOMOCNA__DS.523.2704.2022.txt
482,2022-07-22,2022,PRAWOMOCNA,DS.523.2941.2022,0,by-year/2022/2022-07-22__PRAWOMOCNA__DS.523.2941.2022.txt
483,2022-12-14,2022,PRAWOMOCNA,DS.523.3215.2022,1,by-year/2022/2022-12-14__PRAWOMOCNA__DS.523.3215.2022.txt
484,2024-03-15,2024,PRAWOMOCNA,DKE.561.1.2023,1,by-year/2024/2024-03-15__PRAWOMOCNA__DKE.561.1.2023.txt
485,2023-03-07,2023,PRAWOMOCNA,DKE.561.2.2023,1,by-year/2023/2023-03-07__PRAWOMOCNA__DKE.561.2.2023.txt
486,2023-04-18,2023,PRAWOMOCNA,DKE.561.3.2023,1,by-year/2023/2023-04-18__PRAWOMOCNA__DKE.561.3.2023.txt
487,2023-06-21,2023,PRAWOMOCNA,DKE.561.4.2023,1,by-year/2023/2023-06-21__PRAWOMOCNA__DKE.561.4.2023.txt
488,2023-12-22,2023,PRAWOMOCNA,DKE.561.5.2023,1,by-year/2023/2023-12-22__PRAWOMOCNA__DKE.561.5.2023.txt
489,2025-04-01,2025,NIEPRAWOMOCNA,DKN.5131.10.2023,1,by-year/2025/2025-04-01__NIEPRAWOMOCNA__DKN.5131.10.2023.txt
490,2023-11-30,2023,NIEPRAWOMOCNA,DKN.5131.26.2023,1,by-year/2023/2023-11-30__NIEPRAWOMOCNA__DKN.5131.26.2023.txt
491,2024-03-12,2024,PRAWOMOCNA,DKN.5131.28.2023,1,by-year/2024/2024-03-12__PRAWOMOCNA__DKN.5131.28.2023.txt
492,2024-04-29,2024,NIEPRAWOMOCNA,DKN.5131.29.2023,1,by-year/2024/2024-04-29__NIEPRAWOMOCNA__DKN.5131.29.2023.txt
493,2023-12-20,2023,PRAWOMOCNA,DKN.5131.32.2023,1,by-year/2023/2023-12-20__PRAWOMOCNA__DKN.5131.32.2023.txt
494,2024-09-02,2024,NIEPRAWOMOCNA,DKN.5131.33.2023,1,by-year/2024/2024-09-02__NIEPRAWOMOCNA__DKN.5131.33.2023.txt
495,2023-11-30,2023,NIEPRAWOMOCNA,DKN.5131.6.2023,1,by-year/2023/2023-11-30__NIEPRAWOMOCNA__DKN.5131.6.2023.txt
496,2023-06-21,2023,PRAWOMOCNA,DOKE.561.1.2023,1,by-year/2023/2023-06-21__PRAWOMOCNA__DOKE.561.1.2023.txt
497,2023-10-06,2023,PRAWOMOCNA,DOKE.561.10.2023,1,by-year/2023/2023-10-06__PRAWOMOCNA__DOKE.561.10.2023.txt
498,2024-04-18,2024,PRAWOMOCNA,DOKE.561.13.2023,1,by-year/2024/2024-04-18__PRAWOMOCNA__DOKE.561.13.2023.txt
499,2023-12-21,2023,PRAWOMOCNA,DOKE.561.14.2023,1,by-year/2023/2023-12-21__PRAWOMOCNA__DOKE.561.14.2023.txt
500,2023-10-19,2023,PRAWOMOCNA,DOKE.561.15.2023,1,by-year/2023/2023-10-19__PRAWOMOCNA__DOKE.561.15.2023.txt
501,2024-03-29,2024,PRAWOMOCNA,DOKE.561.16.2023,1,by-year/2024/2024-03-29__PRAWOMOCNA__DOKE.561.16.2023.txt
502,2024-02-29,2024,PRAWOMOCNA,DOKE.561.17.2023,1,by-year/2024/2024-02-29__PRAWOMOCNA__DOKE.561.17.2023.txt
503,2023-12-13,2023,PRAWOMOCNA,DOKE.561.18.2023,1,by-year/2023/2023-12-13__PRAWOMOCNA__DOKE.561.18.2023.txt
504,2024-04-23,2024,PRAWOMOCNA,DOKE.561.19.2023,1,by-year/2024/2024-04-23__PRAWOMOCNA__DOKE.561.19.2023.txt
505,2023-05-22,2023,PRAWOMOCNA,DOKE.561.3.2023,1,by-year/2023/2023-05-22__PRAWOMOCNA__DOKE.561.3.2023.txt
506,2023-12-07,2023,PRAWOMOCNA,DOKE.561.5.2023,1,by-year/2023/2023-12-07__PRAWOMOCNA__DOKE.561.5.2023.txt
507,2023-11-16,2023,PRAWOMOCNA,DOKE.561.7.2023,1,by-year/2023/2023-11-16__PRAWOMOCNA__DOKE.561.7.2023.txt
508,2023-08-30,2023,PRAWOMOCNA,DOKE.561.8.2023,1,by-year/2023/2023-08-30__PRAWOMOCNA__DOKE.561.8.2023.txt
509,2023-08-10,2023,PRAWOMOCNA,DOKE.561.9.2023,1,by-year/2023/2023-08-10__PRAWOMOCNA__DOKE.561.9.2023.txt
510,2025-03-19,2025,NIEPRAWOMOCNA,DS.523.4750.2023,1,by-year/2025/2025-03-19__NIEPRAWOMOCNA__DS.523.4750.2023.txt
511,2025-03-06,2025,NIEPRAWOMOCNA,DKN.5112.10.2024,1,by-year/2025/2025-03-06__NIEPRAWOMOCNA__DKN.5112.10.2024.txt
512,2024-08-20,2024,NIEPRAWOMOCNA,DKN.5131.1.2024,1,by-year/2024/2024-08-20__NIEPRAWOMOCNA__DKN.5131.1.2024.txt
513,2024-12-17,2024,PRAWOMOCNA,DKN.5131.15.2024,1,by-year/2024/2024-12-17__PRAWOMOCNA__DKN.5131.15.2024.txt
514,2025-01-17,2025,NIEPRAWOMOCNA,DKN.5131.4.2024,1,by-year/2025/2025-01-17__NIEPRAWOMOCNA__DKN.5131.4.2024.txt
515,2024-11-26,2024,NIEPRAWOMOCNA,DKN.5131.6.2024,1,by-year/2024/2024-11-26__NIEPRAWOMOCNA__DKN.5131.6.2024.txt
516,2024-10-18,2024,NIEPRAWOMOCNA,DKN.5131.7.2024,1,by-year/2024/2024-10-18__NIEPRAWOMOCNA__DKN.5131.7.2024.txt
517,2024-11-12,2024,PRAWOMOCNA,DKN.5131.9.2024,1,by-year/2024/2024-11-12__PRAWOMOCNA__DKN.5131.9.2024.txt
518,2024-07-10,2024,PRAWOMOCNA,DOKE.561.1.2024,1,by-year/2024/2024-07-10__PRAWOMOCNA__DOKE.561.1.2024.txt
519,2024-08-30,2024,PRAWOMOCNA,DOKE.561.4.2024,1,by-year/2024/2024-08-30__PRAWOMOCNA__DOKE.561.4.2024.txt
520,2024-11-14,2024,PRAWOMOCNA,DOKE.561.7.2024,1,by-year/2024/2024-11-14__PRAWOMOCNA__DOKE.561.7.2024.txt
521,2025-06-23,2025,NIEPRAWOMOCNA,DKE.561.1.2025,1,by-year/2025/2025-06-23__NIEPRAWOMOCNA__DKE.561.1.2025.txt
522,2025-03-17,2025,NIEPRAWOMOCNA,DKN.5131.1.2025,1,by-year/2025/2025-03-17__NIEPRAWOMOCNA__DKN.5131.1.2025.txt
523,2025-08-07,2025,NIEPRAWOMOCNA,DKN.5131.10.2025,1,by-year/2025/2025-08-07__NIEPRAWOMOCNA__DKN.5131.10.2025.txt
524,2025-08-07,2025,NIEPRAWOMOCNA,DKN.5131.9.2025,1,by-year/2025/2025-08-07__NIEPRAWOMOCNA__DKN.5131.9.2025.txt
